Store,Records,MAE,R2
Bangalore,171,0.6728602372022405,-0.8056557199955217
Chennai,173,0.6383420171378393,-0.7939649074640185
Delhi,173,0.7628078273719606,-0.6197932102508474
Hyderabad,173,0.6265907170163185,-0.2525381257758019
Kolkata,173,0.5450603536799152,-0.36472225785803736
Mumbai,172,0.7332296400889382,-0.3082834492959019
Pune,173,0.5256217328946321,-0.03331037261609615
